team,miss_rate,task_count,on_time_rate
Electrical Team,31.02828917826673,4454,24.27031881454872
HVAC Team,29.705817297058175,4521,24.242424242424242
Janitorial Team,30.75245365321701,4585,24.689203925845145
Maintenance A,29.590929301911963,4498,23.921742996887506
Maintenance B,31.094257854821233,4615,23.35861321776815
Plumbing Team,30.219298245614034,4560,24.64912280701754
Security Team,30.620325560932688,4546,23.141223053233613
