building,miss_rate,task_count,on_time_rate
Building_1,30.3078137332281,6335,23.898973954222573
Building_2,30.816927608122775,6451,22.92667803441327
Building_3,30.73874445149017,6308,24.461001902346226
Building_4,30.418190491334073,6289,24.487199872793767
Building_5,29.878048780487802,6396,24.43714821763602
